,SVC,MLP
Title,0.81585,0.7756000000000001
Rationale,0.76225,0.716
Title + Rationale,0.8131499999999999,0.76975
